{
  "iteration": 3,
  "similarity": 0.5651711412292817,
  "improvement": 0.03985518819060774,
  "appliedCount": 13,
  "changes": [
    "LLM generated 13 rules"
  ]
}