{
  "iteration": 3,
  "similarity": 0.34488281249999997,
  "improvement": 0.011343315972222157,
  "appliedCount": 3,
  "changes": [
    "LLM generated 3 rules"
  ]
}