{
  "iteration": 9,
  "similarity": 0.46911612785610113,
  "improvement": -0.29036504278665665,
  "appliedCount": 2,
  "changes": [
    "LLM generated 2 rules"
  ]
}