{
  "iteration": 0,
  "similarity": 0.5230937924592391,
  "improvement": 0.0342321246603261,
  "appliedCount": 14,
  "changes": [
    "LLM generated 14 rules"
  ]
}