{
  "iteration": 0,
  "similarity": 0.66485041230893,
  "improvement": 0.012168393000804523,
  "appliedCount": 10,
  "changes": [
    "LLM generated 10 rules"
  ]
}