{
  "iteration": 6,
  "similarity": 0.5777813724118634,
  "improvement": -0.018365277000559566,
  "appliedCount": 15,
  "changes": [
    "LLM generated 15 rules"
  ]
}