{
  "iteration": 0,
  "similarity": 0.5954989826474202,
  "improvement": -0.0039144080159705386,
  "appliedCount": 15,
  "changes": [
    "LLM generated 15 rules"
  ]
}