{
  "iteration": 6,
  "similarity": 0.34488281249999997,
  "improvement": -0.08448025173611107,
  "appliedCount": 4,
  "changes": [
    "LLM generated 4 rules"
  ]
}