{
  "iteration": 6,
  "similarity": 0.8562358940972222,
  "improvement": -0.10194552951388891,
  "appliedCount": 3,
  "changes": [
    "LLM generated 3 rules"
  ]
}