{
  "iteration": 3,
  "similarity": 0.88498046875,
  "improvement": -0.00015082465277771462,
  "appliedCount": 2,
  "changes": [
    "LLM generated 2 rules"
  ]
}