{
  "iteration": 0,
  "similarity": 0.5616645661472655,
  "improvement": 0.054196742285365085,
  "appliedCount": 15,
  "changes": [
    "LLM generated 15 rules"
  ]
}