{
  "iteration": 0,
  "similarity": 0.6438959422767498,
  "improvement": -0.00008007341110216615,
  "appliedCount": 15,
  "changes": [
    "LLM generated 15 rules"
  ]
}