{
  "iteration": 0,
  "similarity": 0.6571100663716813,
  "improvement": 0.041217819790828614,
  "appliedCount": 3,
  "changes": [
    "LLM generated 3 rules"
  ]
}