{
  "iteration": 0,
  "similarity": 0.5870484845031905,
  "improvement": -0.01020895054694615,
  "appliedCount": 2,
  "changes": [
    "LLM generated 2 rules"
  ]
}