{
  "iteration": 0,
  "similarity": 0.6023077105462822,
  "improvement": -0.06766739377845221,
  "appliedCount": 3,
  "changes": [
    "LLM generated 3 rules"
  ]
}