{
  "iteration": 0,
  "similarity": 0.8855740017361111,
  "improvement": -0.4762456597222222,
  "appliedCount": 4,
  "changes": [
    "LLM generated 4 rules"
  ]
}