{
  "iteration": 3,
  "similarity": 0.671552263421292,
  "improvement": -0.08332717242948129,
  "appliedCount": 2,
  "changes": [
    "LLM generated 2 rules"
  ]
}