{
  "iteration": 3,
  "similarity": 0.6023077105462822,
  "improvement": -0.06551403641881626,
  "appliedCount": 12,
  "changes": [
    "LLM generated 12 rules"
  ]
}