{
  "iteration": 3,
  "similarity": 0.43316514756944446,
  "improvement": -0.0000010850694444064501,
  "appliedCount": 2,
  "changes": [
    "LLM generated 2 rules"
  ]
}