{
  "iteration": 0,
  "similarity": 0.3335394965277778,
  "improvement": 0.04741861979166673,
  "appliedCount": 4,
  "changes": [
    "LLM generated 4 rules"
  ]
}