{
  "iteration": 0,
  "similarity": 0.43310112847222226,
  "improvement": -0.06386393229166676,
  "appliedCount": 2,
  "changes": [
    "LLM generated 2 rules"
  ]
}