{
  "iteration": 6,
  "similarity": 0.6278028207964601,
  "improvement": 0.00007039420756227432,
  "appliedCount": 2,
  "changes": [
    "LLM generated 2 rules"
  ]
}