{
  "iteration": 9,
  "similarity": 0.5777813724118634,
  "improvement": -0.007041961038052547,
  "appliedCount": 10,
  "changes": [
    "LLM generated 10 rules"
  ]
}