{
  "iteration": 3,
  "similarity": 0.5954989826474202,
  "improvement": -0.044676558660933674,
  "appliedCount": 3,
  "changes": [
    "LLM generated 3 rules"
  ]
}