{
  "iteration": 3,
  "similarity": 0.6634190215205149,
  "improvement": 0.00006574316170560035,
  "appliedCount": 15,
  "changes": [
    "LLM generated 15 rules"
  ]
}