{
  "iteration": 3,
  "similarity": 0.8562358940972222,
  "improvement": -0.10194552951388891,
  "appliedCount": 2,
  "changes": [
    "LLM generated 2 rules"
  ]
}