{
  "iteration": 0,
  "similarity": 0.7094162326388889,
  "improvement": -0.5189984809027778,
  "appliedCount": 3,
  "changes": [
    "LLM generated 3 rules"
  ]
}