{
  "iteration": 6,
  "similarity": 0.5835779916602017,
  "improvement": -0.13427257079131116,
  "appliedCount": 15,
  "changes": [
    "LLM generated 15 rules"
  ]
}