{
  "iteration": 3,
  "similarity": 0.6439542689058728,
  "improvement": 0.0000211182622686934,
  "appliedCount": 15,
  "changes": [
    "LLM generated 15 rules"
  ]
}