{
  "iteration": 3,
  "similarity": 0.6277324265888978,
  "improvement": 0.024898431214802952,
  "appliedCount": 2,
  "changes": [
    "LLM generated 2 rules"
  ]
}