{
  "iteration": 9,
  "similarity": 0.5835779916602017,
  "improvement": -0.041972035007757924,
  "appliedCount": 15,
  "changes": [
    "LLM generated 15 rules"
  ]
}