{
  "iteration": 0,
  "similarity": 0.4718319676105508,
  "improvement": 0.03488502472847166,
  "appliedCount": 15,
  "changes": [
    "LLM generated 15 rules"
  ]
}