{
  "iteration": 3,
  "similarity": 0.6571324416733708,
  "improvement": -0.041240572204344295,
  "appliedCount": 3,
  "changes": [
    "LLM generated 3 rules"
  ]
}