{
  "iteration": 3,
  "similarity": 0.5183457379751746,
  "improvement": -0.020104005042668738,
  "appliedCount": 3,
  "changes": [
    "LLM generated 3 rules"
  ]
}