{
  "iteration": 3,
  "similarity": 0.5735699382601142,
  "improvement": -0.016470820923306095,
  "appliedCount": 2,
  "changes": [
    "LLM generated 2 rules"
  ]
}