{
  "iteration": 3,
  "similarity": 0.46180121527777773,
  "improvement": 0.0006792534722221966,
  "appliedCount": 3,
  "changes": [
    "LLM generated 3 rules"
  ]
}