{
  "iteration": 6,
  "similarity": 0.6701784587888983,
  "improvement": -0.07227646656854503,
  "appliedCount": 2,
  "changes": [
    "LLM generated 2 rules"
  ]
}